1	7,000000
2	9,000000
3	4,000000
4	8,000000
5	6,000000
6	5,000000
7	2,000000
8	10,000000
9	4,000000
10	4,000000
11	11,000000
12	10,000000
13	7,000000
14	9,000000
15	8,000000
16	6,000000
17	11,000000
18	11,000000
19	4,000000
20	10,000000
21	4,000000
22	12,000000
23	3,000000
24	9,000000
25	1,000000
26	4,000000
27	3,000000
28	6,000000
29	4,000000
30	8,000000
31	10,000000
32	8,000000
33	8,000000
34	4,000000
35	8,000000
36	7,000000
37	3,000000
38	6,000000
39	6,000000
40	5,000000
41	9,000000
42	8,000000
43	5,000000
44	12,000000
45	4,000000
46	9,000000
47	7,000000
48	8,000000
49	8,000000
50	9,000000
51	9,000000
52	7,000000
53	8,000000
54	9,000000
55	4,000000
56	3,000000
57	7,000000
58	1,000000
59	11,000000
60	6,000000
61	9,000000
62	7,000000
63	6,000000
64	9,000000
65	5,000000
66	4,000000
67	5,000000
68	4,000000
69	8,000000
70	6,000000
71	4,000000
72	5,000000
73	7,000000
74	8,000000
75	6,000000
76	6,000000
77	5,000000
78	5,000000
79	7,000000
80	5,000000
81	9,000000
82	7,000000
83	3,000000
84	9,000000
85	9,000000
86	4,000000
87	6,000000
88	7,000000
89	8,000000
90	4,000000
91	7,000000
92	10,000000
93	9,000000
94	6,000000
95	7,000000
96	5,000000
97	8,000000
98	3,000000
99	8,000000
100	5,000000
101	12,000000
102	6,000000
103	7,000000
104	8,000000
105	9,000000
106	6,000000
107	5,000000
108	8,000000
109	3,000000
110	6,000000
111	4,000000
112	8,000000
113	7,000000
114	9,000000
115	7,000000
116	4,000000
117	8,000000
118	11,000000
119	4,000000
120	5,000000
121	6,000000
122	9,000000
123	11,000000
124	9,000000
125	9,000000
126	5,000000
127	5,000000
128	10,000000
129	9,000000
130	8,000000
131	5,000000
132	8,000000
133	9,000000
134	5,000000
135	6,000000
136	13,000000
137	8,000000
138	7,000000
139	6,000000
140	8,000000
141	4,000000
142	9,000000
143	12,000000
144	9,000000
145	11,000000
146	7,000000
147	8,000000
148	5,000000
149	5,000000
150	8,000000
151	4,000000
152	3,000000
153	8,000000
154	11,000000
155	10,000000
156	7,000000
157	13,000000
158	6,000000
159	9,000000
160	7,000000
161	5,000000
162	8,000000
163	10,000000
164	12,000000
165	14,000000
166	6,000000
167	9,000000
168	9,000000
169	12,000000
170	7,000000
171	7,000000
172	9,000000
173	10,000000
174	6,000000
175	7,000000
176	8,000000
177	10,000000
178	7,000000
179	7,000000
180	13,000000
181	7,000000
182	8,000000
183	13,000000
184	6,000000
185	7,000000
186	9,000000
187	8,000000
188	8,000000
189	6,000000
190	12,000000
191	15,000000
192	6,000000
193	9,000000
194	8,000000
195	12,000000
196	8,000000
197	8,000000
198	8,000000
199	11,000000
200	6,000000
201	8,000000
202	11,000000
203	10,000000
204	8,000000
205	6,000000
206	6,000000
207	8,000000
208	9,000000
209	11,000000
210	8,000000
211	6,000000
212	11,000000
213	7,000000
214	7,000000
215	10,000000
216	7,000000
217	8,000000
218	10,000000
219	9,000000
220	7,000000
221	7,000000
222	6,000000
223	15,000000
224	10,000000
225	12,000000
226	10,000000
227	10,000000
228	10,000000
229	10,000000
230	8,000000
231	9,000000
232	12,000000
233	11,000000
234	4,000000
235	11,000000
236	13,000000
237	8,000000
238	8,000000
239	9,000000
240	7,000000
241	6,000000
242	7,000000
243	9,000000
244	11,000000
245	10,000000
246	12,000000
247	6,000000
248	9,000000
249	9,000000
250	8,000000
251	4,000000
252	11,000000
253	5,000000
254	6,000000
255	14,000000
256	15,000000
257	7,000000
258	9,000000
259	7,000000
260	6,000000
261	10,000000
262	8,000000
263	7,000000
264	7,000000
265	12,000000
266	10,000000
267	9,000000
268	8,000000
269	8,000000
270	11,000000
271	14,000000
272	12,000000
273	8,000000
274	14,000000
275	10,000000
276	9,000000
277	10,000000
278	15,000000
279	10,000000
280	7,000000
281	11,000000
282	6,000000
283	9,000000
284	8,000000
285	10,000000
286	8,000000
287	11,000000
288	10,000000
289	7,000000
290	12,000000
291	8,000000
292	9,000000
293	12,000000
294	9,000000
295	12,000000
296	9,000000
297	9,000000
298	14,000000
299	10,000000
300	7,000000
301	12,000000
302	10,000000
303	9,000000
304	10,000000
305	10,000000
306	12,000000
307	14,000000
308	11,000000
309	11,000000
310	12,000000
311	6,000000
312	8,000000
313	11,000000
314	12,000000
315	9,000000
316	12,000000
317	9,000000
318	6,000000
319	15,000000
320	8,000000
321	13,000000
322	10,000000
323	10,000000
324	11,000000
325	9,000000
326	7,000000
327	11,000000
328	11,000000
329	11,000000
330	10,000000
331	11,000000
332	12,000000
333	11,000000
334	12,000000
335	11,000000
336	9,000000
337	11,000000
338	12,000000
339	12,000000
340	13,000000
341	11,000000
342	13,000000
343	12,000000
344	13,000000
345	12,000000
346	7,000000
347	9,000000
348	11,000000
349	10,000000
350	12,000000
351	13,000000
352	12,000000
353	13,000000
354	8,000000
355	14,000000
356	16,000000
357	11,000000
358	10,000000
359	10,000000
360	9,000000
361	13,000000
362	9,000000
363	11,000000
364	14,000000
365	11,000000
366	9,000000
367	11,000000
368	17,000000
369	12,000000
370	13,000000
371	10,000000
372	9,000000
373	12,000000
374	12,000000
375	12,000000
376	11,000000
377	9,000000
378	11,000000
379	9,000000
380	13,000000
381	13,000000
382	13,000000
383	15,000000
384	13,000000
385	14,000000
386	15,000000
387	14,000000
388	10,000000
389	11,000000
390	9,000000
391	13,000000
392	10,000000
393	13,000000
394	11,000000
395	11,000000
396	7,000000
397	9,000000
398	8,000000
399	15,000000
400	18,000000
401	10,000000
402	11,000000
403	10,000000
404	7,000000
405	11,000000
406	9,000000
407	14,000000
408	7,000000
409	13,000000
410	14,000000
411	7,000000
412	8,000000
413	7,000000
414	9,000000
415	10,000000
416	11,000000
417	11,000000
418	11,000000
419	13,000000
420	11,000000
421	18,000000
422	18,000000
423	11,000000
424	12,000000
425	10,000000
426	14,000000
427	11,000000
428	13,000000
429	13,000000
430	10,000000
431	13,000000
432	10,000000
433	13,000000
434	12,000000
435	11,000000
436	10,000000
437	12,000000
438	8,000000
439	12,000000
440	10,000000
441	11,000000
442	11,000000
443	12,000000
444	11,000000
445	14,000000
446	12,000000
447	11,000000
448	10,000000
449	8,000000
450	7,000000
451	7,000000
452	14,000000
453	17,000000
454	12,000000
455	11,000000
456	13,000000
457	13,000000
458	10,000000
459	12,000000
460	18,000000
461	10,000000
462	13,000000
463	12,000000
464	14,000000
465	12,000000
466	16,000000
467	11,000000
468	10,000000
469	12,000000
470	12,000000
471	13,000000
472	13,000000
473	17,000000
474	10,000000
475	14,000000
476	12,000000
477	16,000000
478	9,000000
479	11,000000
480	12,000000
481	16,000000
482	14,000000
483	12,000000
484	11,000000
485	16,000000
486	12,000000
487	12,000000
488	13,000000
489	13,000000
490	9,000000
491	13,000000
492	13,000000
493	13,000000
494	13,000000
495	9,000000
496	14,000000
497	11,000000
498	11,000000
499	7,000000
500	10,000000
501	14,000000
502	13,000000
503	10,000000
504	11,000000
505	11,000000
506	16,000000
507	11,000000
508	12,000000
509	13,000000
510	9,000000
511	10,000000
512	13,000000
513	11,000000
514	12,000000
515	12,000000
516	10,000000
517	11,000000
518	11,000000
519	12,000000
520	9,000000
521	11,000000
522	11,000000
523	10,000000
524	11,000000
525	14,000000
526	13,000000
527	15,000000
528	13,000000
529	12,000000
530	12,000000
531	14,000000
532	10,000000
533	11,000000
534	12,000000
535	14,000000
536	13,000000
537	14,000000
538	11,000000
539	10,000000
540	15,000000
541	13,000000
542	12,000000
543	18,000000
544	12,000000
545	12,000000
546	16,000000
547	14,000000
548	14,000000
549	12,000000
550	13,000000
551	12,000000
552	14,000000
553	12,000000
554	15,000000
555	13,000000
556	13,000000
557	12,000000
558	12,000000
559	12,000000
560	16,000000
561	14,000000
562	6,000000
563	9,000000
564	11,000000
565	17,000000
566	13,000000
567	13,000000
568	14,000000
569	12,000000
570	13,000000
571	11,000000
572	8,000000
573	14,000000
574	13,000000
575	14,000000
576	12,000000
577	13,000000
578	10,000000
579	16,000000
580	13,000000
581	16,000000
582	15,000000
583	15,000000
584	11,000000
585	11,000000
586	12,000000
587	15,000000
588	17,000000
589	18,000000
590	10,000000
591	14,000000
592	16,000000
593	14,000000
594	14,000000
595	15,000000
596	18,000000
597	13,000000
598	8,000000
599	14,000000
600	13,000000
601	16,000000
602	14,000000
603	14,000000
604	11,000000
605	15,000000
606	14,000000
607	13,000000
608	12,000000
609	14,000000
610	18,000000
611	13,000000
612	16,000000
613	10,000000
614	10,000000
615	18,000000
616	14,000000
617	16,000000
618	14,000000
619	16,000000
620	15,000000
621	19,000000
622	17,000000
623	15,000000
624	15,000000
625	14,000000
626	15,000000
627	13,000000
628	18,000000
629	11,000000
630	15,000000
631	13,000000
632	13,000000
633	17,000000
634	16,000000
635	14,000000
636	12,000000
637	14,000000
638	14,000000
639	16,000000
640	16,000000
641	15,000000
642	13,000000
643	9,000000
644	17,000000
645	16,000000
646	15,000000
647	17,000000
648	14,000000
649	13,000000
650	14,000000
651	14,000000
652	13,000000
653	16,000000
654	13,000000
655	13,000000
656	14,000000
657	16,000000
658	7,000000
659	16,000000
660	11,000000
661	16,000000
662	8,000000
663	14,000000
664	15,000000
665	16,000000
666	15,000000
667	18,000000
668	14,000000
669	11,000000
670	15,000000
671	15,000000
672	15,000000
673	10,000000
674	13,000000
675	20,000000
676	17,000000
677	15,000000
678	15,000000
679	17,000000
680	12,000000
681	16,000000
682	15,000000
683	16,000000
684	15,000000
685	18,000000
686	12,000000
687	18,000000
688	15,000000
689	9,000000
690	11,000000
691	15,000000
692	16,000000
693	16,000000
694	14,000000
695	18,000000
696	18,000000
697	17,000000
698	12,000000
699	16,000000
700	15,000000
701	11,000000
702	12,000000
703	14,000000
704	10,000000
705	20,000000
706	15,000000
707	18,000000
708	14,000000
709	13,000000
710	12,000000
711	17,000000
712	14,000000
713	16,000000
714	12,000000
715	12,000000
716	17,000000
717	16,000000
718	17,000000
719	10,000000
720	12,000000
721	17,000000
722	18,000000
723	20,000000
724	13,000000
725	11,000000
726	13,000000
727	14,000000
728	17,000000
729	14,000000
730	11,000000
731	17,000000
732	19,000000
733	16,000000
734	15,000000
735	16,000000
736	15,000000
737	14,000000
738	18,000000
739	11,000000
740	18,000000
741	16,000000
742	18,000000
743	18,000000
744	14,000000
745	16,000000
746	12,000000
747	14,000000
748	14,000000
749	15,000000
750	15,000000
751	14,000000
752	14,000000
753	15,000000
754	16,000000
755	14,000000
756	17,000000
757	13,000000
758	16,000000
759	15,000000
760	15,000000
761	12,000000
762	14,000000
763	15,000000
764	19,000000
765	21,000000
766	14,000000
767	18,000000
768	15,000000
769	13,000000
770	17,000000
771	12,000000
772	13,000000
773	18,000000
774	18,000000
775	16,000000
776	12,000000
777	10,000000
778	21,000000
779	11,000000
780	15,000000
781	16,000000
782	21,000000
783	17,000000
784	15,000000
785	13,000000
786	17,000000
787	18,000000
788	16,000000
789	16,000000
790	17,000000
791	15,000000
792	15,000000
793	7,000000
794	17,000000
795	19,000000
796	13,000000
797	18,000000
798	13,000000
799	15,000000
800	14,000000
801	13,000000
802	19,000000
803	14,000000
804	20,000000
805	13,000000
806	9,000000
807	16,000000
808	18,000000
809	16,000000
810	20,000000
811	15,000000
812	15,000000
813	15,000000
814	16,000000
815	18,000000
816	14,000000
817	17,000000
818	14,000000
819	13,000000
820	16,000000
821	11,000000
822	19,000000
823	16,000000
824	16,000000
825	17,000000
826	16,000000
827	11,000000
828	18,000000
829	16,000000
830	16,000000
831	18,000000
832	18,000000
833	19,000000
834	15,000000
835	14,000000
836	12,000000
837	18,000000
838	27,000000
839	13,000000
840	12,000000
841	14,000000
842	15,000000
843	14,000000
844	15,000000
845	15,000000
846	14,000000
847	16,000000
848	19,000000
849	16,000000
850	17,000000
851	17,000000
852	17,000000
853	18,000000
854	21,000000
855	17,000000
856	19,000000
857	18,000000
858	16,000000
859	15,000000
860	18,000000
861	14,000000
862	19,000000
863	16,000000
864	18,000000
865	19,000000
866	16,000000
867	16,000000
868	18,000000
869	17,000000
870	12,000000
871	16,000000
872	22,000000
873	23,000000
874	16,000000
875	17,000000
876	16,000000
877	19,000000
878	19,000000
879	17,000000
880	21,000000
881	18,000000
882	19,000000
883	15,000000
884	13,000000
885	14,000000
886	14,000000
887	16,000000
888	18,000000
889	14,000000
890	20,000000
891	10,000000
892	13,000000
893	21,000000
894	15,000000
895	15,000000
896	13,000000
897	22,000000
898	20,000000
899	22,000000
900	21,000000
901	17,000000
902	15,000000
903	17,000000
904	20,000000
905	18,000000
906	21,000000
907	17,000000
908	16,000000
909	18,000000
910	15,000000
911	18,000000
912	16,000000
913	13,000000
914	14,000000
915	17,000000
916	15,000000
917	13,000000
918	15,000000
919	18,000000
920	17,000000
921	21,000000
922	14,000000
923	16,000000
924	16,000000
925	17,000000
926	15,000000
927	18,000000
928	18,000000
929	18,000000
930	18,000000
931	19,000000
932	16,000000
933	14,000000
934	16,000000
935	17,000000
936	19,000000
937	18,000000
938	18,000000
939	17,000000
940	18,000000
941	18,000000
942	17,000000
943	22,000000
944	16,000000
945	14,000000
946	15,000000
947	17,000000
948	22,000000
949	20,000000
950	17,000000
951	19,000000
952	16,000000
953	17,000000
954	16,000000
955	16,000000
956	21,000000
957	14,000000
958	17,000000
959	20,000000
960	18,000000
961	22,000000
962	18,000000
963	21,000000
964	19,000000
965	21,000000
966	17,000000
967	15,000000
968	20,000000
969	19,000000
970	15,000000
971	20,000000
972	20,000000
973	14,000000
974	22,000000
975	18,000000
976	20,000000
977	17,000000
978	21,000000
979	19,000000
980	15,000000
981	22,000000
982	21,000000
983	18,000000
984	15,000000
985	15,000000
986	17,000000
987	16,000000
988	19,000000
989	13,000000
990	18,000000
991	14,000000
992	19,000000
993	21,000000
994	20,000000
995	20,000000
996	21,000000
997	23,000000
998	20,000000
999	21,000000
1000	23,000000
1001	17,000000
1002	14,000000
1003	21,000000
1004	16,000000
1005	20,000000
1006	19,000000
1007	19,000000
1008	18,000000
1009	19,000000
1010	19,000000
1011	24,000000
1012	23,000000
1013	15,000000
1014	18,000000
1015	19,000000
1016	16,000000
1017	18,000000
1018	16,000000
1019	16,000000
1020	20,000000
1021	19,000000
1022	13,000000
1023	19,000000
1024	17,000000
1025	18,000000
1026	18,000000
1027	24,000000
1028	19,000000
1029	17,000000
1030	18,000000
1031	16,000000
1032	17,000000
1033	24,000000
1034	19,000000
1035	18,000000
1036	17,000000
1037	19,000000
1038	19,000000
1039	21,000000
1040	18,000000
1041	16,000000
1042	18,000000
1043	17,000000
1044	19,000000
1045	19,000000
1046	18,000000
1047	19,000000
1048	22,000000
1049	20,000000
1050	20,000000
1051	17,000000
1052	17,000000
1053	22,000000
1054	20,000000
1055	16,000000
1056	14,000000
1057	17,000000
1058	19,000000
1059	18,000000
1060	23,000000
1061	20,000000
1062	19,000000
1063	22,000000
1064	19,000000
1065	20,000000
1066	23,000000
1067	16,000000
1068	20,000000
1069	19,000000
1070	21,000000
1071	20,000000
1072	18,000000
1073	22,000000
1074	24,000000
1075	18,000000
1076	19,000000
1077	20,000000
1078	21,000000
1079	16,000000
1080	16,000000
1081	14,000000
1082	21,000000
1083	22,000000
1084	17,000000
1085	18,000000
1086	16,000000
1087	17,000000
1088	22,000000
1089	20,000000
1090	23,000000
1091	21,000000
1092	20,000000
1093	22,000000
1094	23,000000
1095	23,000000
1096	20,000000
1097	18,000000
1098	17,000000
1099	17,000000
1100	19,000000
1101	23,000000
1102	17,000000
1103	18,000000
1104	24,000000
1105	19,000000
1106	17,000000
1107	21,000000
1108	19,000000
1109	15,000000
1110	18,000000
1111	23,000000
1112	23,000000
1113	21,000000
1114	22,000000
1115	16,000000
1116	21,000000
1117	12,000000
1118	22,000000
1119	22,000000
1120	21,000000
1121	23,000000
1122	21,000000
1123	21,000000
1124	17,000000
1125	21,000000
1126	20,000000
1127	16,000000
1128	19,000000
1129	20,000000
1130	22,000000
1131	19,000000
1132	20,000000
1133	20,000000
1134	20,000000
1135	20,000000
1136	25,000000
1137	18,000000
1138	20,000000
1139	21,000000
1140	20,000000
1141	28,000000
1142	18,000000
1143	21,000000
1144	24,000000
1145	20,000000
1146	20,000000
1147	18,000000
1148	20,000000
1149	21,000000
1150	16,000000
1151	20,000000
1152	18,000000
1153	25,000000
1154	21,000000
1155	20,000000
1156	20,000000
1157	13,000000
1158	20,000000
1159	21,000000
1160	23,000000
1161	18,000000
1162	22,000000
1163	18,000000
1164	20,000000
1165	20,000000
1166	22,000000
1167	24,000000
1168	17,000000
1169	24,000000
1170	19,000000
1171	22,000000
1172	21,000000
1173	23,000000
1174	16,000000
1175	20,000000
1176	20,000000
1177	20,000000
1178	18,000000
1179	20,000000
1180	20,000000
1181	21,000000
1182	19,000000
1183	28,000000
1184	26,000000
1185	19,000000
1186	17,000000
1187	22,000000
1188	18,000000
1189	23,000000
1190	19,000000
1191	20,000000
1192	20,000000
1193	20,000000
1194	21,000000
1195	18,000000
1196	21,000000
1197	24,000000
1198	23,000000
1199	21,000000
1200	21,000000
1201	23,000000
1202	23,000000
1203	21,000000
1204	20,000000
1205	21,000000
1206	15,000000
1207	20,000000
1208	21,000000
1209	25,000000
1210	21,000000
1211	20,000000
1212	21,000000
1213	20,000000
1214	24,000000
1215	19,000000
1216	24,000000
1217	21,000000
1218	17,000000
1219	20,000000
1220	23,000000
1221	18,000000
1222	19,000000
1223	25,000000
1224	23,000000
1225	22,000000
1226	24,000000
1227	22,000000
1228	19,000000
1229	21,000000
1230	20,000000
1231	22,000000
1232	24,000000
1233	24,000000
1234	22,000000
1235	24,000000
1236	25,000000
1237	17,000000
1238	24,000000
1239	24,000000
1240	19,000000
1241	21,000000
1242	23,000000
1243	19,000000
1244	21,000000
1245	22,000000
1246	23,000000
1247	20,000000
1248	21,000000
1249	27,000000
1250	17,000000
1251	22,000000
1252	21,000000
1253	24,000000
1254	21,000000
1255	20,000000
1256	23,000000
1257	19,000000
1258	22,000000
1259	21,000000
1260	22,000000
1261	21,000000
1262	13,000000
1263	26,000000
1264	24,000000
1265	27,000000
1266	25,000000
1267	11,000000
1268	19,000000
1269	24,000000
1270	25,000000
1271	22,000000
1272	19,000000
1273	21,000000
1274	22,000000
1275	22,000000
1276	22,000000
1277	22,000000
1278	27,000000
1279	22,000000
1280	23,000000
1281	22,000000
1282	23,000000
1283	20,000000
1284	19,000000
1285	22,000000
1286	20,000000
1287	22,000000
1288	26,000000
1289	20,000000
1290	20,000000
1291	23,000000
1292	23,000000
1293	24,000000
1294	27,000000
1295	20,000000
1296	23,000000
1297	19,000000
1298	21,000000
1299	19,000000
1300	20,000000
1301	22,000000
1302	20,000000
1303	26,000000
1304	17,000000
1305	21,000000
1306	21,000000
1307	20,000000
1308	20,000000
1309	23,000000
1310	21,000000
1311	20,000000
1312	20,000000
1313	22,000000
1314	22,000000
1315	20,000000
1316	21,000000
1317	22,000000
1318	17,000000
1319	15,000000
1320	21,000000
1321	25,000000
1322	21,000000
1323	25,000000
1324	25,000000
1325	20,000000
1326	25,000000
1327	24,000000
1328	25,000000
1329	19,000000
1330	21,000000
1331	26,000000
1332	24,000000
1333	25,000000
1334	24,000000
1335	23,000000
1336	24,000000
1337	22,000000
1338	17,000000
1339	18,000000
1340	19,000000
1341	20,000000
1342	19,000000
1343	21,000000
1344	20,000000
1345	21,000000
1346	23,000000
1347	19,000000
1348	20,000000
1349	18,000000
1350	24,000000
1351	23,000000
1352	24,000000
1353	23,000000
1354	18,000000
1355	27,000000
1356	23,000000
1357	23,000000
1358	22,000000
1359	22,000000
1360	25,000000
1361	19,000000
1362	24,000000
1363	16,000000
1364	18,000000
1365	25,000000
1366	25,000000
1367	24,000000
1368	18,000000
1369	22,000000
1370	21,000000
1371	22,000000
1372	24,000000
1373	22,000000
1374	23,000000
1375	23,000000
1376	23,000000
1377	19,000000
1378	23,000000
1379	22,000000
1380	17,000000
1381	24,000000
1382	22,000000
1383	25,000000
1384	24,000000
1385	23,000000
1386	24,000000
1387	22,000000
1388	21,000000
1389	23,000000
1390	25,000000
1391	25,000000
1392	21,000000
1393	24,000000
1394	22,000000
1395	16,000000
1396	29,000000
1397	19,000000
1398	22,000000
1399	26,000000
1400	21,000000
1401	26,000000
1402	27,000000
1403	26,000000
1404	27,000000
1405	23,000000
1406	23,000000
1407	20,000000
1408	20,000000
1409	21,000000
1410	28,000000
1411	23,000000
1412	27,000000
1413	21,000000
1414	25,000000
1415	22,000000
1416	23,000000
1417	24,000000
1418	24,000000
1419	16,000000
1420	23,000000
1421	25,000000
1422	26,000000
1423	24,000000
1424	17,000000
1425	20,000000
1426	23,000000
1427	24,000000
1428	20,000000
1429	25,000000
1430	26,000000
1431	24,000000
1432	24,000000
1433	21,000000
1434	21,000000
1435	24,000000
1436	21,000000
1437	21,000000
1438	22,000000
1439	23,000000
1440	18,000000
1441	23,000000
1442	24,000000
1443	27,000000
1444	18,000000
1445	23,000000
1446	25,000000
1447	24,000000
1448	23,000000
1449	23,000000
1450	23,000000
1451	20,000000
1452	24,000000
1453	26,000000
1454	25,000000
1455	24,000000
1456	22,000000
1457	24,000000
1458	23,000000
1459	25,000000
1460	23,000000
1461	25,000000
1462	23,000000
1463	22,000000
1464	24,000000
1465	25,000000
1466	24,000000
1467	25,000000
1468	24,000000
1469	26,000000
1470	22,000000
1471	23,000000
1472	20,000000
1473	30,000000
1474	22,000000
1475	21,000000
1476	23,000000
1477	24,000000
1478	23,000000
1479	27,000000
1480	23,000000
1481	23,000000
1482	25,000000
1483	23,000000
1484	25,000000
1485	24,000000
1486	25,000000
1487	23,000000
1488	23,000000
1489	29,000000
1490	18,000000
1491	21,000000
1492	30,000000
1493	25,000000
1494	28,000000
1495	23,000000
1496	27,000000
1497	25,000000
1498	23,000000
1499	20,000000
1500	17,000000
1501	20,000000
1502	22,000000
1503	23,000000
1504	24,000000
1505	27,000000
1506	24,000000
1507	25,000000
1508	22,000000
1509	21,000000
1510	26,000000
1511	21,000000
1512	23,000000
1513	27,000000
1514	27,000000
1515	23,000000
1516	24,000000
1517	28,000000
1518	25,000000
1519	27,000000
1520	24,000000
1521	23,000000
1522	21,000000
1523	23,000000
1524	26,000000
1525	27,000000
1526	27,000000
1527	26,000000
1528	25,000000
1529	22,000000
1530	21,000000
1531	21,000000
1532	24,000000
1533	22,000000
1534	23,000000
1535	20,000000
1536	21,000000
1537	23,000000
1538	24,000000
1539	24,000000
1540	24,000000
1541	24,000000
1542	25,000000
1543	25,000000
1544	25,000000
1545	23,000000
1546	20,000000
1547	25,000000
1548	24,000000
1549	26,000000
1550	24,000000
1551	30,000000
1552	30,000000
1553	25,000000
1554	26,000000
1555	25,000000
1556	28,000000
1557	28,000000
1558	28,000000
1559	25,000000
1560	23,000000
1561	24,000000
1562	26,000000
1563	24,000000
1564	24,000000
1565	30,000000
1566	21,000000
1567	25,000000
1568	27,000000
1569	19,000000
1570	22,000000
1571	27,000000
1572	25,000000
1573	27,000000
1574	24,000000
1575	25,000000
1576	25,000000
1577	25,000000
1578	27,000000
1579	18,000000
1580	23,000000
1581	22,000000
1582	21,000000
1583	28,000000
1584	25,000000
1585	26,000000
1586	28,000000
1587	23,000000
1588	24,000000
1589	23,000000
1590	21,000000
1591	28,000000
1592	24,000000
1593	22,000000
1594	28,000000
1595	23,000000
1596	29,000000
1597	25,000000
1598	27,000000
1599	30,000000
1600	28,000000
1601	29,000000
1602	24,000000
1603	26,000000
1604	24,000000
1605	32,000000
1606	25,000000
1607	27,000000
1608	25,000000
1609	27,000000
1610	25,000000
1611	26,000000
1612	25,000000
1613	25,000000
1614	26,000000
1615	25,000000
1616	25,000000
1617	19,000000
1618	19,000000
1619	27,000000
1620	20,000000
1621	26,000000
1622	25,000000
1623	24,000000
1624	26,000000
1625	24,000000
1626	27,000000
1627	27,000000
1628	26,000000
1629	19,000000
1630	25,000000
1631	22,000000
1632	22,000000
1633	25,000000
1634	23,000000
1635	21,000000
1636	19,000000
1637	29,000000
1638	27,000000
1639	21,000000
1640	24,000000
1641	24,000000
1642	23,000000
1643	27,000000
1644	26,000000
1645	26,000000
1646	23,000000
1647	30,000000
1648	25,000000
1649	24,000000
1650	24,000000
1651	22,000000
1652	25,000000
1653	27,000000
1654	26,000000
1655	29,000000
1656	28,000000
1657	25,000000
1658	25,000000
1659	23,000000
1660	28,000000
1661	26,000000
1662	24,000000
1663	29,000000
1664	29,000000
1665	22,000000
1666	26,000000
1667	27,000000
1668	23,000000
1669	28,000000
1670	26,000000
1671	25,000000
1672	26,000000
1673	28,000000
1674	28,000000
1675	27,000000
1676	26,000000
1677	27,000000
1678	27,000000
1679	25,000000
1680	26,000000
1681	25,000000
1682	24,000000
1683	24,000000
1684	25,000000
1685	24,000000
1686	24,000000
1687	30,000000
1688	25,000000
1689	27,000000
1690	26,000000
1691	25,000000
1692	26,000000
1693	26,000000
1694	24,000000
1695	25,000000
1696	29,000000
1697	25,000000
1698	33,000000
1699	25,000000
1700	22,000000
1701	23,000000
1702	25,000000
1703	28,000000
1704	23,000000
1705	27,000000
1706	24,000000
1707	33,000000
1708	31,000000
1709	25,000000
1710	22,000000
1711	27,000000
1712	33,000000
1713	26,000000
1714	21,000000
1715	22,000000
1716	22,000000
1717	26,000000
1718	28,000000
1719	24,000000
1720	24,000000
1721	26,000000
1722	27,000000
1723	24,000000
1724	25,000000
1725	23,000000
1726	25,000000
1727	26,000000
1728	26,000000
1729	29,000000
1730	27,000000
1731	22,000000
1732	29,000000
1733	26,000000
1734	20,000000
1735	29,000000
1736	24,000000
1737	25,000000
1738	27,000000
1739	30,000000
1740	27,000000
1741	23,000000
1742	22,000000
1743	27,000000
1744	28,000000
1745	28,000000
1746	27,000000
1747	28,000000
1748	29,000000
1749	29,000000
1750	29,000000
1751	28,000000
1752	27,000000
1753	26,000000
1754	24,000000
1755	25,000000
1756	23,000000
1757	27,000000
1758	29,000000
1759	26,000000
1760	23,000000
1761	24,000000
1762	24,000000
1763	25,000000
1764	23,000000
1765	20,000000
1766	21,000000
1767	20,000000
1768	26,000000
1769	28,000000
1770	27,000000
1771	25,000000
1772	26,000000
1773	24,000000
1774	25,000000
1775	23,000000
1776	26,000000
1777	27,000000
1778	27,000000
1779	27,000000
1780	23,000000
1781	30,000000
1782	25,000000
1783	27,000000
1784	32,000000
1785	26,000000
1786	28,000000
1787	30,000000
1788	26,000000
1789	28,000000
1790	31,000000
1791	26,000000
1792	33,000000
1793	29,000000
1794	27,000000
1795	25,000000
1796	28,000000
1797	26,000000
1798	27,000000
1799	34,000000
1800	29,000000
1801	32,000000
1802	30,000000
1803	24,000000
1804	27,000000
1805	29,000000
1806	28,000000
1807	27,000000
1808	27,000000
1809	26,000000
1810	32,000000
1811	27,000000
1812	23,000000
1813	30,000000
1814	22,000000
1815	25,000000
1816	26,000000
1817	27,000000
1818	23,000000
1819	29,000000
1820	29,000000
1821	26,000000
1822	24,000000
1823	26,000000
1824	27,000000
1825	27,000000
1826	22,000000
1827	33,000000
1828	26,000000
1829	29,000000
1830	19,000000
1831	31,000000
1832	25,000000
1833	25,000000
1834	27,000000
1835	25,000000
1836	23,000000
1837	25,000000
1838	23,000000
1839	27,000000
1840	22,000000
1841	30,000000
1842	29,000000
1843	23,000000
1844	25,000000
1845	25,000000
1846	32,000000
1847	26,000000
1848	20,000000
1849	29,000000
1850	29,000000
1851	25,000000
1852	30,000000
1853	21,000000
1854	25,000000
1855	26,000000
1856	32,000000
1857	28,000000
1858	27,000000
1859	30,000000
1860	29,000000
1861	29,000000
1862	28,000000
1863	30,000000
1864	26,000000
1865	29,000000
1866	28,000000
1867	30,000000
1868	30,000000
1869	32,000000
1870	27,000000
1871	23,000000
1872	27,000000
1873	24,000000
1874	27,000000
1875	30,000000
1876	30,000000
1877	26,000000
1878	24,000000
1879	32,000000
1880	24,000000
1881	23,000000
1882	23,000000
1883	31,000000
1884	25,000000
1885	24,000000
1886	26,000000
1887	28,000000
1888	29,000000
1889	26,000000
1890	30,000000
1891	30,000000
1892	29,000000
1893	30,000000
1894	27,000000
1895	29,000000
1896	34,000000
1897	29,000000
1898	28,000000
1899	30,000000
1900	27,000000
1901	29,000000
1902	29,000000
1903	27,000000
1904	29,000000
1905	29,000000
1906	27,000000
1907	32,000000
1908	27,000000
1909	32,000000
1910	22,000000
1911	23,000000
1912	29,000000
1913	27,000000
1914	27,000000
1915	29,000000
1916	28,000000
1917	31,000000
1918	30,000000
1919	29,000000
1920	29,000000
1921	30,000000
1922	27,000000
1923	33,000000
1924	23,000000
1925	33,000000
1926	28,000000
1927	30,000000
1928	29,000000
1929	24,000000
1930	28,000000
1931	34,000000
1932	33,000000
1933	29,000000
1934	33,000000
1935	33,000000
1936	29,000000
1937	27,000000
1938	25,000000
1939	28,000000
1940	27,000000
1941	26,000000
1942	25,000000
1943	29,000000
1944	29,000000
1945	27,000000
1946	29,000000
1947	31,000000
1948	27,000000
1949	32,000000
1950	32,000000
1951	29,000000
1952	29,000000
1953	30,000000
1954	28,000000
1955	27,000000
1956	32,000000
1957	28,000000
1958	30,000000
1959	28,000000
1960	29,000000
1961	28,000000
1962	30,000000
1963	27,000000
1964	26,000000
1965	28,000000
1966	29,000000
1967	24,000000
1968	31,000000
1969	30,000000
1970	28,000000
1971	26,000000
1972	27,000000
1973	29,000000
1974	28,000000
1975	30,000000
1976	28,000000
1977	32,000000
1978	28,000000
1979	29,000000
1980	29,000000
1981	33,000000
1982	31,000000
1983	27,000000
1984	35,000000
1985	30,000000
1986	27,000000
1987	23,000000
1988	22,000000
1989	33,000000
1990	30,000000
1991	29,000000
1992	28,000000
1993	29,000000
1994	29,000000
1995	27,000000
1996	29,000000
1997	28,000000
1998	32,000000
1999	31,000000
2000	25,000000
2001	31,000000
2002	28,000000
2003	24,000000
2004	30,000000
2005	26,000000
2006	28,000000
2007	29,000000
2008	32,000000
2009	29,000000
2010	29,000000
2011	24,000000
2012	28,000000
2013	29,000000
2014	33,000000
2015	29,000000
2016	27,000000
2017	31,000000
2018	31,000000
2019	31,000000
2020	27,000000
2021	30,000000
2022	24,000000
2023	27,000000
2024	29,000000
2025	29,000000
2026	31,000000
2027	31,000000
2028	31,000000
2029	28,000000
2030	29,000000
2031	25,000000
2032	27,000000
2033	30,000000
2034	29,000000
2035	27,000000
2036	28,000000
2037	30,000000
2038	30,000000
2039	30,000000
2040	30,000000
2041	26,000000
2042	30,000000
2043	27,000000
2044	29,000000
2045	28,000000
2046	33,000000
2047	31,000000
2048	31,000000
2049	28,000000
2050	31,000000
2051	28,000000
2052	29,000000
2053	35,000000
2054	29,000000
2055	24,000000
2056	30,000000
2057	26,000000
2058	35,000000
2059	31,000000
2060	30,000000
2061	28,000000
2062	30,000000
2063	21,000000
2064	31,000000
2065	30,000000
2066	29,000000
2067	33,000000
2068	29,000000
2069	29,000000
2070	27,000000
2071	31,000000
2072	28,000000
2073	29,000000
2074	28,000000
2075	29,000000
2076	29,000000
2077	33,000000
2078	26,000000
2079	34,000000
2080	31,000000
2081	27,000000
2082	31,000000
2083	28,000000
2084	28,000000
2085	29,000000
2086	34,000000
2087	28,000000
2088	31,000000
2089	32,000000
2090	30,000000
2091	31,000000
2092	30,000000
2093	27,000000
2094	26,000000
2095	32,000000
2096	31,000000
2097	25,000000
2098	25,000000
2099	32,000000
2100	26,000000
2101	34,000000
2102	30,000000
2103	28,000000
2104	31,000000
2105	30,000000
2106	34,000000
2107	29,000000
2108	31,000000
2109	26,000000
2110	30,000000
2111	32,000000
2112	31,000000
2113	28,000000
2114	32,000000
2115	28,000000
2116	31,000000
2117	31,000000
2118	29,000000
2119	28,000000
2120	32,000000
2121	31,000000
2122	31,000000
2123	28,000000
2124	32,000000
2125	29,000000
2126	26,000000
2127	30,000000
2128	27,000000
2129	30,000000
2130	32,000000
2131	33,000000
2132	33,000000
2133	32,000000
2134	34,000000
2135	29,000000
2136	28,000000
2137	32,000000
2138	28,000000
2139	27,000000
2140	31,000000
2141	33,000000
2142	23,000000
2143	31,000000
2144	31,000000
2145	30,000000
2146	34,000000
2147	27,000000
2148	28,000000
2149	32,000000
2150	36,000000
2151	28,000000
2152	28,000000
2153	30,000000
2154	31,000000
2155	29,000000
2156	31,000000
2157	33,000000
2158	27,000000
2159	29,000000
2160	28,000000
2161	25,000000
2162	24,000000
2163	31,000000
2164	29,000000
2165	33,000000
2166	32,000000
2167	28,000000
2168	25,000000
2169	31,000000
2170	27,000000
2171	31,000000
2172	31,000000
2173	33,000000
2174	33,000000
2175	28,000000
2176	35,000000
2177	29,000000
2178	34,000000
2179	36,000000
2180	31,000000
2181	33,000000
2182	33,000000
2183	22,000000
2184	31,000000
2185	29,000000
2186	32,000000
2187	27,000000
2188	34,000000
2189	32,000000
2190	30,000000
2191	35,000000
2192	33,000000
2193	31,000000
2194	33,000000
2195	32,000000
2196	30,000000
2197	35,000000
2198	29,000000
2199	34,000000
2200	26,000000
2201	28,000000
2202	34,000000
2203	34,000000
2204	34,000000
2205	34,000000
2206	26,000000
2207	32,000000
2208	34,000000
2209	25,000000
2210	27,000000
2211	26,000000
2212	32,000000
2213	30,000000
2214	35,000000
2215	32,000000
2216	30,000000
2217	34,000000
2218	36,000000
2219	34,000000
2220	33,000000
2221	34,000000
2222	36,000000
2223	34,000000
2224	32,000000
2225	36,000000
2226	32,000000
2227	32,000000
2228	31,000000
2229	32,000000
2230	31,000000
2231	28,000000
2232	27,000000
2233	32,000000
2234	26,000000
2235	30,000000
2236	34,000000
2237	30,000000
2238	32,000000
2239	31,000000
2240	34,000000
2241	33,000000
2242	31,000000
2243	32,000000
2244	31,000000
2245	29,000000
2246	29,000000
2247	28,000000
2248	32,000000
2249	25,000000
2250	33,000000
2251	34,000000
2252	32,000000
2253	23,000000
2254	34,000000
2255	33,000000
2256	28,000000
2257	31,000000
2258	29,000000
2259	32,000000
2260	29,000000
2261	29,000000
2262	27,000000
2263	31,000000
2264	31,000000
2265	30,000000
2266	33,000000
2267	30,000000
2268	30,000000
2269	33,000000
2270	34,000000
2271	34,000000
2272	28,000000
2273	32,000000
2274	30,000000
2275	29,000000
2276	27,000000
2277	30,000000
2278	31,000000
2279	34,000000
2280	31,000000
2281	30,000000
2282	33,000000
2283	28,000000
2284	30,000000
2285	29,000000
2286	30,000000
2287	31,000000
2288	31,000000
2289	32,000000
2290	35,000000
2291	32,000000
2292	32,000000
2293	29,000000
2294	32,000000
2295	34,000000
2296	35,000000
2297	29,000000
2298	31,000000
2299	27,000000
2300	32,000000
2301	34,000000
2302	31,000000
2303	32,000000
2304	33,000000
2305	28,000000
2306	32,000000
2307	31,000000
2308	29,000000
2309	32,000000
2310	33,000000
2311	33,000000
2312	36,000000
2313	34,000000
2314	28,000000
2315	27,000000
2316	32,000000
2317	23,000000
2318	28,000000
2319	33,000000
2320	33,000000
2321	31,000000
2322	32,000000
2323	32,000000
2324	28,000000
2325	32,000000
2326	32,000000
2327	30,000000
2328	33,000000
2329	32,000000
2330	31,000000
2331	32,000000
2332	31,000000
2333	32,000000
2334	34,000000
2335	29,000000
2336	34,000000
2337	28,000000
2338	37,000000
2339	35,000000
2340	30,000000
2341	34,000000
2342	34,000000
2343	32,000000
2344	32,000000
2345	34,000000
2346	31,000000
2347	34,000000
2348	33,000000
2349	28,000000
2350	30,000000
2351	30,000000
2352	35,000000
2353	32,000000
2354	36,000000
2355	32,000000
2356	34,000000
2357	34,000000
2358	34,000000
2359	32,000000
2360	33,000000
2361	31,000000
2362	26,000000
2363	33,000000
2364	32,000000
2365	35,000000
2366	30,000000
2367	31,000000
2368	31,000000
2369	33,000000
2370	32,000000
2371	34,000000
2372	32,000000
2373	32,000000
2374	33,000000
2375	33,000000
2376	33,000000
2377	35,000000
2378	33,000000
2379	27,000000
2380	32,000000
2381	31,000000
2382	35,000000
2383	32,000000
2384	30,000000
2385	33,000000
2386	33,000000
2387	32,000000
2388	33,000000
2389	33,000000
2390	32,000000
2391	35,000000
2392	37,000000
2393	31,000000
2394	32,000000
2395	32,000000
2396	31,000000
2397	26,000000
2398	31,000000
2399	35,000000
2400	36,000000
2401	31,000000
2402	32,000000
2403	31,000000
2404	34,000000
2405	33,000000
2406	29,000000
2407	34,000000
2408	31,000000
2409	33,000000
2410	31,000000
2411	34,000000
2412	31,000000
2413	32,000000
2414	33,000000
2415	34,000000
2416	31,000000
2417	32,000000
2418	34,000000
2419	37,000000
2420	33,000000
2421	33,000000
2422	33,000000
2423	32,000000
2424	33,000000
2425	37,000000
2426	38,000000
2427	33,000000
2428	36,000000
2429	32,000000
2430	32,000000
2431	34,000000
2432	30,000000
2433	31,000000
2434	32,000000
2435	34,000000
2436	34,000000
2437	36,000000
2438	33,000000
2439	33,000000
2440	31,000000
2441	33,000000
2442	31,000000
2443	33,000000
2444	34,000000
2445	31,000000
2446	26,000000
2447	33,000000
2448	34,000000
2449	32,000000
2450	29,000000
2451	34,000000
2452	34,000000
2453	31,000000
2454	36,000000
2455	30,000000
2456	32,000000
2457	33,000000
2458	30,000000
2459	26,000000
2460	36,000000
2461	34,000000
2462	32,000000
2463	35,000000
2464	30,000000
2465	33,000000
2466	33,000000
2467	34,000000
2468	29,000000
2469	33,000000
2470	38,000000
2471	33,000000
2472	34,000000
2473	33,000000
2474	34,000000
2475	36,000000
2476	33,000000
2477	28,000000
2478	31,000000
2479	34,000000
2480	32,000000
2481	29,000000
2482	39,000000
2483	30,000000
2484	28,000000
2485	30,000000
2486	31,000000
2487	34,000000
2488	34,000000
2489	36,000000
2490	34,000000
2491	32,000000
2492	37,000000
2493	32,000000
2494	36,000000
2495	32,000000
2496	34,000000
2497	37,000000
2498	35,000000
2499	28,000000
2500	28,000000
2501	35,000000
2502	32,000000
2503	32,000000
2504	35,000000
2505	34,000000
2506	32,000000
2507	35,000000
2508	34,000000
2509	34,000000
2510	32,000000
2511	34,000000
2512	33,000000
2513	32,000000
2514	27,000000
2515	32,000000
2516	37,000000
2517	33,000000
2518	31,000000
2519	36,000000
2520	30,000000
2521	31,000000
2522	32,000000
2523	29,000000
2524	33,000000
2525	32,000000
2526	33,000000
2527	30,000000
2528	33,000000
2529	34,000000
2530	33,000000
2531	34,000000
2532	33,000000
2533	35,000000
2534	34,000000
2535	36,000000
2536	35,000000
2537	36,000000
2538	30,000000
2539	29,000000
2540	34,000000
2541	34,000000
2542	33,000000
2543	35,000000
2544	33,000000
2545	31,000000
2546	25,000000
2547	36,000000
2548	33,000000
2549	34,000000
2550	33,000000
2551	37,000000
2552	32,000000
2553	30,000000
2554	31,000000
2555	31,000000
2556	25,000000
2557	33,000000
2558	31,000000
2559	30,000000
2560	32,000000
2561	29,000000
2562	31,000000
2563	36,000000
2564	28,000000
2565	35,000000
2566	33,000000
2567	30,000000
2568	33,000000
2569	32,000000
2570	33,000000
2571	35,000000
2572	32,000000
2573	32,000000
2574	33,000000
2575	38,000000
2576	32,000000
2577	38,000000
2578	33,000000
2579	28,000000
2580	32,000000
2581	29,000000
2582	34,000000
2583	34,000000
2584	32,000000
2585	33,000000
2586	33,000000
2587	34,000000
2588	34,000000
2589	33,000000
2590	30,000000
2591	30,000000
2592	27,000000
2593	28,000000
2594	29,000000
2595	34,000000
2596	33,000000
2597	34,000000
2598	34,000000
2599	35,000000
2600	35,000000
2601	36,000000
2602	30,000000
2603	29,000000
2604	31,000000
2605	34,000000
2606	32,000000
2607	29,000000
2608	30,000000
2609	34,000000
2610	34,000000
2611	25,000000
2612	32,000000
2613	36,000000
2614	36,000000
2615	31,000000
2616	28,000000
2617	33,000000
2618	32,000000
2619	33,000000
2620	35,000000
2621	35,000000
2622	35,000000
2623	28,000000
2624	36,000000
2625	35,000000
2626	37,000000
2627	33,000000
2628	33,000000
2629	33,000000
2630	33,000000
2631	34,000000
2632	26,000000
2633	35,000000
2634	41,000000
2635	30,000000
2636	32,000000
2637	35,000000
2638	33,000000
2639	34,000000
2640	35,000000
2641	36,000000
2642	36,000000
2643	32,000000
2644	36,000000
2645	34,000000
2646	34,000000
2647	31,000000
2648	30,000000
2649	35,000000
2650	38,000000
2651	33,000000
2652	38,000000
2653	30,000000
2654	35,000000
2655	33,000000
2656	34,000000
2657	36,000000
2658	29,000000
2659	35,000000
2660	33,000000
2661	34,000000
2662	34,000000
2663	33,000000
2664	38,000000
2665	35,000000
2666	37,000000
2667	33,000000
2668	36,000000
2669	38,000000
2670	38,000000
2671	32,000000
2672	35,000000
2673	29,000000
2674	32,000000
2675	39,000000
2676	36,000000
2677	34,000000
2678	37,000000
2679	36,000000
2680	30,000000
2681	35,000000
2682	38,000000
2683	37,000000
2684	35,000000
2685	32,000000
2686	40,000000
2687	35,000000
2688	31,000000
2689	35,000000
2690	36,000000
2691	29,000000
2692	29,000000
2693	36,000000
2694	39,000000
2695	37,000000
2696	35,000000
2697	36,000000
2698	35,000000
2699	36,000000
2700	39,000000
2701	35,000000
2702	34,000000
2703	29,000000
2704	32,000000
2705	37,000000
2706	32,000000
2707	35,000000
2708	35,000000
2709	38,000000
2710	34,000000
2711	32,000000
2712	32,000000
2713	38,000000
2714	38,000000
2715	36,000000
2716	38,000000
2717	38,000000
2718	35,000000
2719	31,000000
2720	37,000000
2721	30,000000
2722	33,000000
2723	33,000000
2724	33,000000
2725	36,000000
2726	36,000000
2727	33,000000
2728	34,000000
2729	38,000000
2730	33,000000
2731	38,000000
2732	36,000000
2733	39,000000
2734	32,000000
2735	36,000000
2736	34,000000
2737	34,000000
2738	34,000000
2739	37,000000
2740	37,000000
2741	34,000000
2742	35,000000
2743	36,000000
2744	37,000000
2745	36,000000
2746	39,000000
2747	31,000000
2748	35,000000
2749	31,000000
2750	39,000000
2751	39,000000
2752	39,000000
2753	36,000000
2754	39,000000
2755	35,000000
2756	37,000000
2757	35,000000
2758	40,000000
2759	33,000000
2760	31,000000
2761	35,000000
2762	38,000000
2763	38,000000
2764	37,000000
2765	38,000000
2766	32,000000
2767	33,000000
2768	30,000000
2769	33,000000
2770	33,000000
2771	37,000000
2772	36,000000
2773	34,000000
2774	34,000000
2775	31,000000
2776	36,000000
2777	35,000000
2778	33,000000
2779	36,000000
2780	30,000000
2781	35,000000
2782	34,000000
2783	34,000000
2784	36,000000
2785	35,000000
2786	35,000000
2787	34,000000
2788	35,000000
2789	32,000000
2790	31,000000
2791	37,000000
2792	34,000000
2793	35,000000
2794	34,000000
2795	34,000000
2796	36,000000
2797	25,000000
2798	38,000000
2799	38,000000
2800	27,000000
2801	34,000000
2802	38,000000
2803	37,000000
2804	34,000000
2805	38,000000
2806	31,000000
2807	37,000000
2808	37,000000
2809	33,000000
2810	32,000000
2811	35,000000
2812	36,000000
2813	34,000000
2814	33,000000
2815	38,000000
2816	35,000000
2817	34,000000
2818	34,000000
2819	37,000000
2820	32,000000
2821	36,000000
2822	38,000000
2823	38,000000
2824	32,000000
2825	32,000000
2826	37,000000
2827	36,000000
2828	36,000000
2829	28,000000
2830	36,000000
2831	34,000000
2832	35,000000
2833	34,000000
2834	27,000000
2835	36,000000
2836	32,000000
2837	39,000000
2838	32,000000
2839	36,000000
2840	30,000000
2841	39,000000
2842	38,000000
2843	39,000000
2844	35,000000
2845	32,000000
2846	30,000000
2847	36,000000
2848	31,000000
2849	34,000000
2850	35,000000
2851	36,000000
2852	34,000000
2853	35,000000
2854	35,000000
2855	34,000000
2856	33,000000
2857	36,000000
2858	34,000000
2859	36,000000
2860	34,000000
2861	31,000000
2862	35,000000
2863	37,000000
2864	39,000000
2865	32,000000
2866	32,000000
2867	34,000000
2868	37,000000
2869	37,000000
2870	35,000000
2871	34,000000
2872	37,000000
2873	38,000000
2874	38,000000
2875	35,000000
2876	36,000000
2877	35,000000
2878	37,000000
2879	32,000000
2880	32,000000
2881	30,000000
2882	36,000000
2883	36,000000
2884	37,000000
2885	36,000000
2886	37,000000
2887	32,000000
2888	38,000000
2889	37,000000
2890	38,000000
2891	35,000000
2892	38,000000
2893	37,000000
2894	30,000000
2895	35,000000
2896	35,000000
2897	36,000000
2898	36,000000
2899	31,000000
2900	31,000000
2901	37,000000
2902	38,000000
2903	39,000000
2904	34,000000
2905	35,000000
2906	35,000000
2907	35,000000
2908	38,000000
2909	37,000000
2910	35,000000
2911	33,000000
2912	35,000000
2913	35,000000
2914	35,000000
2915	31,000000
2916	32,000000
2917	33,000000
2918	35,000000
2919	37,000000
2920	40,000000
2921	38,000000
2922	35,000000
2923	35,000000
2924	33,000000
2925	37,000000
2926	37,000000
2927	36,000000
2928	36,000000
2929	30,000000
2930	32,000000
2931	29,000000
2932	31,000000
2933	38,000000
2934	39,000000
2935	33,000000
2936	35,000000
2937	40,000000
2938	39,000000
2939	38,000000
2940	39,000000
2941	35,000000
2942	39,000000
2943	37,000000
2944	40,000000
2945	36,000000
2946	28,000000
2947	28,000000
2948	32,000000
2949	34,000000
2950	40,000000
2951	32,000000
2952	34,000000
2953	38,000000
2954	38,000000
2955	34,000000
2956	35,000000
2957	32,000000
2958	32,000000
2959	37,000000
2960	35,000000
2961	35,000000
2962	37,000000
2963	32,000000
2964	39,000000
2965	38,000000
2966	35,000000
2967	41,000000
2968	38,000000
2969	37,000000
2970	36,000000
2971	34,000000
2972	40,000000
2973	40,000000
2974	39,000000
2975	37,000000
2976	37,000000
2977	38,000000
2978	37,000000
2979	35,000000
2980	37,000000
2981	32,000000
2982	31,000000
2983	34,000000
2984	36,000000
2985	38,000000
2986	36,000000
2987	32,000000
2988	31,000000
2989	38,000000
2990	38,000000
2991	41,000000
2992	35,000000
2993	35,000000
2994	38,000000
2995	37,000000
2996	38,000000
2997	32,000000
2998	36,000000
2999	41,000000
3000	36,000000
3001	37,000000
3002	31,000000
3003	34,000000
3004	31,000000
3005	36,000000
3006	37,000000
3007	37,000000
3008	38,000000
3009	33,000000
3010	30,000000
3011	35,000000
3012	36,000000
3013	37,000000
3014	42,000000
3015	39,000000
3016	34,000000
3017	29,000000
3018	35,000000
3019	36,000000
3020	39,000000
3021	35,000000
3022	36,000000
3023	31,000000
3024	37,000000
3025	38,000000
3026	38,000000
3027	38,000000
3028	36,000000
3029	40,000000
3030	36,000000
3031	35,000000
3032	33,000000
3033	39,000000
3034	36,000000
3035	37,000000
3036	37,000000
3037	36,000000
3038	38,000000
3039	38,000000
3040	36,000000
3041	38,000000
3042	34,000000
3043	42,000000
3044	32,000000
3045	38,000000
3046	38,000000
3047	36,000000
3048	34,000000
3049	39,000000
3050	39,000000
3051	36,000000
3052	38,000000
3053	40,000000
3054	36,000000
3055	42,000000
3056	36,000000
3057	27,000000
3058	34,000000
3059	40,000000
3060	36,000000
3061	38,000000
3062	40,000000
3063	33,000000
3064	34,000000
3065	34,000000
3066	36,000000
3067	37,000000
3068	38,000000
3069	36,000000
3070	38,000000
3071	35,000000
3072	36,000000
3073	32,000000
3074	35,000000
3075	39,000000
3076	38,000000
3077	38,000000
3078	40,000000
3079	35,000000
3080	41,000000
3081	38,000000
3082	35,000000
3083	34,000000
3084	37,000000
3085	38,000000
3086	39,000000
3087	38,000000
3088	37,000000
3089	40,000000
3090	34,000000
3091	37,000000
3092	36,000000
3093	41,000000
3094	39,000000
3095	34,000000
3096	35,000000
3097	33,000000
3098	39,000000
3099	39,000000
3100	39,000000
3101	37,000000
3102	40,000000
3103	39,000000
3104	37,000000
3105	37,000000
3106	38,000000
3107	34,000000
3108	33,000000
3109	38,000000
3110	36,000000
3111	40,000000
3112	36,000000
3113	33,000000
3114	33,000000
3115	39,000000
3116	36,000000
3117	39,000000
3118	36,000000
3119	35,000000
3120	41,000000
3121	42,000000
3122	36,000000
3123	33,000000
3124	34,000000
3125	37,000000
3126	38,000000
3127	36,000000
3128	38,000000
3129	38,000000
3130	38,000000
3131	36,000000
3132	39,000000
3133	40,000000
3134	38,000000
3135	36,000000
3136	38,000000
3137	37,000000
3138	37,000000
3139	38,000000
3140	39,000000
3141	39,000000
3142	36,000000
3143	32,000000
3144	38,000000
3145	38,000000
3146	39,000000
3147	34,000000
3148	35,000000
3149	37,000000
3150	38,000000
3151	39,000000
3152	37,000000
3153	33,000000
3154	36,000000
3155	35,000000
3156	38,000000
3157	38,000000
3158	36,000000
3159	40,000000
3160	38,000000
3161	39,000000
3162	36,000000
3163	40,000000
3164	38,000000
3165	37,000000
3166	36,000000
3167	38,000000
3168	38,000000
3169	36,000000
3170	39,000000
3171	39,000000
3172	43,000000
3173	36,000000
3174	40,000000
3175	39,000000
3176	38,000000
3177	39,000000
3178	38,000000
3179	38,000000
3180	38,000000
3181	40,000000
3182	38,000000
3183	29,000000
3184	33,000000
3185	33,000000
3186	39,000000
3187	39,000000
3188	39,000000
3189	31,000000
3190	34,000000
3191	33,000000
3192	36,000000
3193	38,000000
3194	38,000000
3195	39,000000
3196	34,000000
3197	34,000000
3198	37,000000
3199	33,000000
3200	39,000000
3201	38,000000
3202	33,000000
3203	33,000000
3204	36,000000
3205	36,000000
3206	39,000000
3207	31,000000
3208	34,000000
3209	37,000000
3210	38,000000
3211	39,000000
3212	39,000000
3213	35,000000
3214	36,000000
3215	39,000000
3216	36,000000
3217	38,000000
3218	38,000000
3219	36,000000
3220	38,000000
3221	33,000000
3222	33,000000
3223	39,000000
3224	38,000000
3225	40,000000
3226	41,000000
3227	35,000000
3228	38,000000
3229	38,000000
3230	39,000000
3231	37,000000
3232	39,000000
3233	35,000000
3234	41,000000
3235	40,000000
3236	35,000000
3237	34,000000
3238	40,000000
3239	38,000000
3240	38,000000
3241	38,000000
3242	36,000000
3243	38,000000
3244	38,000000
3245	38,000000
3246	38,000000
3247	36,000000
3248	40,000000
3249	36,000000
3250	37,000000
3251	38,000000
3252	36,000000
3253	34,000000
3254	33,000000
3255	42,000000
3256	40,000000
3257	41,000000
3258	40,000000
3259	38,000000
3260	39,000000
3261	39,000000
3262	38,000000
3263	39,000000
3264	37,000000
3265	36,000000
3266	37,000000
3267	37,000000
3268	39,000000
3269	37,000000
3270	44,000000
3271	39,000000
3272	38,000000
3273	39,000000
3274	39,000000
3275	39,000000
3276	40,000000
3277	42,000000
3278	37,000000
3279	40,000000
3280	37,000000
3281	41,000000
3282	39,000000
3283	39,000000
3284	39,000000
3285	39,000000
3286	33,000000
3287	41,000000
3288	40,000000
3289	42,000000
3290	39,000000
3291	39,000000
3292	37,000000
3293	39,000000
3294	39,000000
3295	39,000000
3296	38,000000
3297	37,000000
3298	37,000000
3299	37,000000
3300	38,000000
3301	37,000000
3302	37,000000
3303	37,000000
3304	39,000000
3305	40,000000
3306	40,000000
3307	37,000000
3308	43,000000
3309	34,000000
3310	32,000000
3311	38,000000
3312	38,000000
3313	34,000000
3314	40,000000
3315	40,000000
3316	39,000000
3317	36,000000
3318	38,000000
3319	39,000000
3320	42,000000
3321	37,000000
3322	36,000000
3323	32,000000
3324	36,000000
3325	36,000000
3326	39,000000
3327	42,000000
3328	40,000000
3329	37,000000
3330	39,000000
3331	33,000000
3332	35,000000
3333	33,000000
3334	37,000000
3335	42,000000
3336	36,000000
3337	40,000000
3338	37,000000
3339	40,000000
3340	40,000000
3341	30,000000
3342	35,000000
3343	39,000000
3344	39,000000
3345	37,000000
3346	29,000000
3347	40,000000
3348	38,000000
3349	37,000000
3350	43,000000
3351	40,000000
3352	40,000000
3353	41,000000
3354	41,000000
3355	37,000000
3356	38,000000
3357	37,000000
3358	35,000000
3359	34,000000
3360	39,000000
3361	39,000000
3362	39,000000
3363	37,000000
3364	39,000000
3365	37,000000
3366	42,000000
3367	37,000000
3368	39,000000
3369	33,00000